Episode Number,Total Reward,Running Average,p,i,d,joint index
1,-6.875970944677529,-6.875970944677529,731.4715576171875,9.999654366765753e-07,102.04003143310547,1
2,-6.8844056373391185,-6.876055291604144,730.0996704101562,9.999616850109305e-07,102.22567749023438,1
3,-6.9036042683316845,-6.87633078137142,730.2096557617188,9.999540679928032e-07,102.19005584716797,1
4,-6.813869252197794,-6.875706166079683,736.5350341796875,9.999569101637462e-07,101.32091522216797,1
5,-6.645966459991241,-6.873408769018798,750.9089965820312,9.999569101637462e-07,99.52288055419922,1
6,-6.536773667998905,-6.8700424180086,764.2241821289062,9.999569101637462e-07,97.07022094726562,1
7,-6.550635663073169,-6.866848350459246,761.8693237304688,9.999569101637462e-07,95.7037353515625,1
8,-6.585424770942311,-6.864034114664077,759.17626953125,9.999569101637462e-07,92.95330810546875,1
9,-6.725401919480951,-6.862647792712245,746.077880859375,9.999673693528166e-07,90.10125732421875,1
10,-7.027364816503169,-6.864294962950154,721.0781860351562,9.999664598581148e-07,87.2205581665039,1
11,-7.528427642032318,-6.870936289740976,682.1421508789062,9.999616850109305e-07,85.22431182861328,1
12,-8.247305010078854,-6.884699976944354,635.9607543945312,9.999616850109305e-07,83.34112548828125,1
13,-9.457821063158722,-6.9104311878064975,575.8517456054688,9.999625945056323e-07,81.11066436767578,1
14,-11.3552253239742,-6.954879129168175,508.37493896484375,9.999616850109305e-07,79.2692642211914,1
15,-15.027443201468692,-7.0356047698911794,423.43756103515625,9.999616850109305e-07,80.05518341064453,1
16,-20.730828894399384,-7.172557011136261,343.4923400878906,9.999454277931363e-07,82.18338775634766,1
17,-31.415009867903805,-7.414981539703937,259.7077331542969,9.990933449444128e-07,93.92111206054688,1
18,-35.2552415306777,-7.693384139613674,240.41131591796875,9.98583573164069e-07,94.64000701904297,1
19,-37.04590935962505,-7.9869093918137875,232.45155334472656,9.98397013063368e-07,93.70218658447266,1
20,-38.76045511259331,-8.294644849021584,225.78663635253906,9.980733466363745e-07,93.07403564453125,1
21,-40.48898862474001,-8.616588286778768,219.26304626464844,9.9778117146343e-07,92.31049346923828,1
22,-42.83126550406432,-8.958735058951625,210.91468811035156,9.973673513741232e-07,91.6250228881836,1
23,-44.54136963680081,-9.314561404730117,205.906494140625,9.972987982109771e-07,89.53945922851562,1
24,-46.533238703088685,-9.686748177713703,200.05294799804688,9.969098755391315e-07,88.6785659790039,1
25,-48.20902798722773,-10.071970975808844,195.1249542236328,9.96393850982713e-07,88.44841003417969,1
26,-48.653264452174874,-10.457783910572504,195.2083282470703,9.962712965716491e-07,87.06805419921875,1
27,-47.186879959984445,-10.825074871066624,199.3809814453125,9.962702733901097e-07,85.86239624023438,1
28,-44.96757257022921,-11.16649984805825,206.5002899169922,9.961933074009721e-07,85.64362335205078,1
29,-42.45459400588746,-11.479380789636542,213.93955993652344,9.95494247035822e-07,87.3365478515625,1
30,-39.7135823108551,-11.761722804848727,223.53057861328125,9.949144441634417e-07,88.67742919921875,1
31,-36.4097379718744,-12.008202956518984,237.43612670898438,9.949922059604432e-07,88.47604370117188,1
32,-34.25006088815086,-12.230621535835303,246.1154327392578,9.937594995790278e-07,91.71410369873047,1
33,-31.12153186354344,-12.419530639112384,260.561279296875,9.929967745847534e-07,94.17115783691406,1
34,-29.104510282080636,-12.586380435542067,271.7464294433594,9.919273225023062e-07,97.94652557373047,1
35,-26.843169078203744,-12.728948321968684,284.24334716796875,9.908569609251572e-07,102.60547637939453,1
36,-24.875887721514403,-12.85041771596414,298.7143249511719,9.90027615443978e-07,106.58963775634766,1
37,-22.850780733239738,-12.950421346136896,313.3251647949219,9.890784440358402e-07,111.96905517578125,1
38,-20.882933497434003,-13.029746467649867,331.1482238769531,9.882363656288362e-07,117.73619079589844,1
39,-19.115242854558808,-13.090601431518955,348.6359558105469,9.87503426586045e-07,123.44696807861328,1
40,-17.561847660364577,-13.13531389380741,367.0457763671875,9.867794688034337e-07,129.83572387695312,1
41,-15.930659168409882,-13.163267346553434,390.6854248046875,9.8625173450273e-07,136.1951446533203,1
42,-14.342046931831785,-13.175055142406219,418.7862854003906,9.85876454251411e-07,141.35787963867188,1
43,-12.163253001081793,-13.164937120992974,468.8381042480469,9.859018064162228e-07,142.9630126953125,1
44,-10.392706539762012,-13.137214815180664,525.3480224609375,9.859742249318515e-07,143.66360473632812,1
45,-8.946049066435751,-13.095303157693216,586.9918823242188,9.860232239589095e-07,144.995361328125,1
46,-7.599725861476258,-13.040347384731046,666.796142578125,9.860635827863007e-07,144.55783081054688,1
47,-6.502375460003611,-12.97496766548377,757.0352783203125,9.86071199804428e-07,143.35935974121094,1
48,-5.896721664898442,-12.904185205477917,828.5122680664062,9.86071199804428e-07,143.3763885498047,1
49,-5.297844530524623,-12.828121798728384,915.57080078125,9.860796126304194e-07,140.73785400390625,1
50,-4.89814151188434,-12.748821995859943,993.6744384765625,9.860879117695731e-07,140.14036560058594,1
51,-4.552182263251358,-12.666855598533857,1073.249755859375,9.860935961114592e-07,139.5225372314453,1
52,-4.283647202899358,-12.583023514577512,1155.19482421875,9.860946192929987e-07,138.70986938476562,1
53,-4.037501960303802,-12.497568299034775,1251.2786865234375,9.86102236311126e-07,136.14715576171875,1
54,-3.8319560059871636,-12.410912176104299,1343.2322998046875,9.861106491371174e-07,135.1741180419922,1
55,-3.6942689755341838,-12.323745744098598,1422.3681640625,9.86133272817824e-07,133.5133819580078,1
56,-3.589711687556589,-12.236405403533178,1490.989990234375,9.861322496362845e-07,134.12539672851562,1
57,-3.4648590240954666,-12.148689939738802,1587.2650146484375,9.86133272817824e-07,132.31231689453125,1
58,-3.3633177588618395,-12.060836217930031,1678.416748046875,9.86133272817824e-07,132.11196899414062,1
59,-3.273974590049333,-11.972967601651224,1773.7296142578125,9.86140662462276e-07,131.41856384277344,1
60,-3.2136991997985356,-11.885374917632697,1851.71435546875,9.861519174592104e-07,130.55270385742188,1
61,-3.148010884811026,-11.798001277304481,1942.1416015625,9.861519174592104e-07,130.12921142578125,1
62,-3.081456128332859,-11.710835825814765,2055.894287109375,9.861519174592104e-07,130.11624145507812,1
63,-3.035937997145896,-11.624086847528076,2142.888671875,9.861360013019294e-07,130.9432373046875,1
64,-2.9924084773784307,-11.53777006382658,2239.080322265625,9.861369107966311e-07,129.96971130371094,1
65,-2.955408507968029,-11.451946448267995,2337.125732421875,9.861425951385172e-07,129.31517028808594,1
66,-2.923103894069401,-11.366658022726009,2432.50439453125,9.861510079645086e-07,128.3070068359375,1
67,-2.89503532638433,-11.281941795762592,2515.2373046875,9.861547596301534e-07,127.96631622314453,1
68,-2.872124344874218,-11.197843621253709,2589.661376953125,9.861547596301534e-07,127.24297332763672,1
69,-2.85995154573226,-11.114464700498495,2646.6162109375,9.861556691248552e-07,126.75137329101562,1
70,-2.852980113763993,-11.031849854631151,2669.077880859375,9.861510079645086e-07,126.95860290527344,1
71,-2.83996070101159,-10.949930963094955,2711.6396484375,9.861510079645086e-07,126.35574340820312,1
72,-2.8298837011329327,-10.868730490475334,2765.977783203125,9.861547596301534e-07,125.74908447265625,1
73,-2.8166325916456145,-10.788209511487036,2819.21142578125,9.861547596301534e-07,125.27079772949219,1
74,-2.8020855416460195,-10.708348271788626,2896.250732421875,9.861547596301534e-07,124.09581756591797,1
75,-2.787607979954422,-10.629140868870284,2969.181884765625,9.861595344773377e-07,122.70094299316406,1
76,-2.7739657951800516,-10.55058911813338,3034.1796875,9.861595344773377e-07,121.8376693725586,1
77,-2.7704430815238714,-10.472787657767286,3060.73095703125,9.861585112957982e-07,121.93810272216797,1
78,-2.7651159188564,-10.395710940378176,3112.65673828125,9.861585112957982e-07,121.40190887451172,1
79,-2.7537110817786217,-10.31929094179218,3170.511962890625,9.861585112957982e-07,121.05835723876953,1
80,-2.7395395867072456,-10.243493428241331,3272.477783203125,9.861585112957982e-07,119.28266906738281,1
81,-2.7279801277130096,-10.168338295236047,3378.467041015625,9.86165105132386e-07,117.35091400146484,1
82,-2.718109445073836,-10.093836006734424,3449.628662109375,9.86165105132386e-07,116.4207992553711,1
83,-2.710549963695387,-10.020003146304035,3512.068359375,9.86165105132386e-07,116.07927703857422,1
84,-2.703457510772727,-9.94683768994872,3582.789794921875,9.86165105132386e-07,115.80699920654297,1
85,-2.6997246276177536,-9.874366559325411,3617.82177734375,9.861604439720395e-07,115.7763442993164,1
86,-2.6927433874250526,-9.802550327606408,3654.3388671875,9.861604439720395e-07,115.60792541503906,1
87,-2.6907611607683672,-9.731432435938027,3710.042724609375,9.861604439720395e-07,115.17819213867188,1
88,-2.682155507514601,-9.660939666653793,3786.1728515625,9.861604439720395e-07,114.68976593017578,1
89,-2.673238028038057,-9.591062650267634,3887.142333984375,9.861604439720395e-07,113.55961608886719,1
90,-2.672271753344083,-9.521874741298397,3924.113037109375,9.861604439720395e-07,114.14501190185547,1
91,-2.6694098536272564,-9.453350092421687,3988.13330078125,9.861604439720395e-07,113.83892822265625,1
92,-2.6645456001851704,-9.385462047499322,4023.36669921875,9.861604439720395e-07,114.36947631835938,1
93,-2.6638047271304877,-9.318245474295635,4067.57958984375,9.861604439720395e-07,114.55361938476562,1
94,-2.6556542771469487,-9.251619562324148,4158.56689453125,9.861604439720395e-07,113.55912780761719,1
95,-2.6492943666316333,-9.185596310367222,4252.26220703125,9.861604439720395e-07,112.52394104003906,1
96,-2.644642205610006,-9.12018676931965,4352.32177734375,9.861604439720395e-07,111.49116516113281,1
97,-2.6380319662620844,-9.055365221289074,4474.05224609375,9.861604439720395e-07,109.94348907470703,1
98,-2.6318939286064724,-8.991130508362247,4557.66748046875,9.86165105132386e-07,109.34009552001953,1
99,-2.6317252582077586,-8.9275364558607,4584.4462890625,9.86165105132386e-07,109.3984603881836,1
100,-2.6303311822061417,-8.864564403124154,4646.3056640625,9.86165105132386e-07,109.06755065917969,1
101,-2.626002291927812,-8.80217878201219,4746.56982421875,9.86165105132386e-07,108.01376342773438,1
102,-2.622038344421195,-8.74037737763628,4857.34765625,9.86165105132386e-07,106.71117401123047,1
103,-2.6158841624218994,-8.679132445484138,4940.37060546875,9.86165105132386e-07,105.94751739501953,1
104,-2.6146854681012632,-8.618487975710309,5013.87939453125,9.86165105132386e-07,105.47953033447266,1
105,-2.6104323461584187,-8.55840741941479,5120.64013671875,9.86165105132386e-07,104.51710510253906,1
106,-2.6059898799823014,-8.498883244020464,5233.7255859375,9.86165105132386e-07,103.33982849121094,1
107,-2.60319714946647,-8.439926383074923,5329.0126953125,9.86165105132386e-07,102.90769958496094,1
108,-2.6007414935046667,-8.38153453417922,5410.79541015625,9.86165105132386e-07,102.68736267089844,1
109,-2.596189587994533,-8.323681084717373,5554.009765625,9.86165105132386e-07,101.71243286132812,1
110,-2.592927516427866,-8.266373549034478,5709.61083984375,9.86165105132386e-07,100.58114624023438,1
111,-2.589693812340007,-8.209606751667534,5790.9853515625,9.86161467153579e-07,100.42951202392578,1
112,-2.5885142886943164,-8.153395827037803,5916.8427734375,9.86161467153579e-07,99.77299499511719,1
113,-2.585111624273268,-8.097712985010157,6034.37646484375,9.86161467153579e-07,99.49317169189453,1
114,-2.5829811565657566,-8.042565666725713,6212.4169921875,9.86161467153579e-07,98.61178588867188,1
115,-2.5775075324590464,-7.987915085383046,6403.45556640625,9.86161467153579e-07,97.56513214111328,1
116,-2.5765532924917145,-7.933801467454132,6530.56201171875,9.86165105132386e-07,97.18893432617188,1
117,-2.5732455135114978,-7.880195907914706,6727.6748046875,9.861754506346188e-07,95.49263000488281,1
118,-2.5705955691435998,-7.827099904526994,6804.27197265625,9.861848866421496e-07,95.28013610839844,1
119,-2.571319328851745,-7.774542098770241,6900.4970703125,9.861754506346188e-07,95.06053161621094,1
120,-2.5706468788450545,-7.722503146570989,7035.79248046875,9.861782928055618e-07,94.29190063476562,1
121,-2.565325979386805,-7.670931374899147,7215.4912109375,9.861782928055618e-07,93.27943420410156,1
122,-2.564187192044338,-7.619863933070599,7355.17333984375,9.86174541139917e-07,92.96624755859375,1
123,-2.5624579628520183,-7.569289873368413,7556.8525390625,9.86174541139917e-07,91.83536529541016,1
124,-2.563061899092302,-7.519227593625652,7560.017578125,9.86164309324522e-07,92.63600158691406,1
125,-2.561899843386183,-7.469654316123257,7698.95654296875,9.86165105132386e-07,92.0736312866211,1
126,-2.5626992628426697,-7.42058476559045,7741.81494140625,9.861623766482808e-07,92.53199768066406,1
127,-2.559563549295966,-7.371974553427505,7856.41455078125,9.861585112957982e-07,92.01509094238281,1
128,-2.558967119702184,-7.323844479090252,7995.56884765625,9.861585112957982e-07,91.31926727294922,1
129,-2.560779300130814,-7.276213827300658,8054.5908203125,9.861547596301534e-07,91.51434326171875,1
130,-2.557313836901966,-7.229024827396671,8174.4990234375,9.861547596301534e-07,91.04234313964844,1
131,-2.5574700755085535,-7.18230927987779,8283.6455078125,9.861547596301534e-07,90.6080551147461,1
132,-2.556590449777197,-7.136052091576785,8342.9794921875,9.861547596301534e-07,90.8411865234375,1
133,-2.554356839268475,-7.090235139053702,8554.7763671875,9.861547596301534e-07,89.91130065917969,1
134,-2.5525632185781504,-7.0448584198489455,8791.7646484375,9.861547596301534e-07,89.0455551147461,1
135,-2.552301447802467,-6.999932850128481,8984.1318359375,9.861547596301534e-07,88.36511993408203,1
136,-2.551228838569267,-6.955445810012889,9027.8486328125,9.861547596301534e-07,89.46592712402344,1
137,-2.553108950531584,-6.911422441418076,9107.978515625,9.861585112957982e-07,89.71151733398438,1
138,-2.550752567022749,-6.867815742674123,9171.888671875,9.861585112957982e-07,89.86539459228516,1
139,-2.5490194851935404,-6.824627780099317,9287.521484375,9.861585112957982e-07,89.78363037109375,1
140,-2.5504699602379945,-6.781886201900704,9365.4892578125,9.861585112957982e-07,90.07982635498047,1
141,-2.549979546174098,-6.739567135343438,9454.619140625,9.861585112957982e-07,90.4614486694336,1
142,-2.5485540576755845,-6.697657004566759,9477.947265625,9.861519174592104e-07,91.42121887207031,1
143,-2.5484300585782917,-6.656164735106874,9580.67578125,9.861576018010965e-07,91.02589416503906,1
144,-2.547983315787952,-6.615082920913684,9825.8310546875,9.861670378086274e-07,90.53821563720703,1
145,-2.548291836764231,-6.574415010072189,9895.3154296875,9.861670378086274e-07,90.49346923828125,1
146,-2.5469887301841525,-6.53414074727331,10017.564453125,9.861670378086274e-07,90.1987075805664,1
147,-2.5469025848241755,-6.494268365648819,10057.6259765625,9.861670378086274e-07,90.9216537475586,1
148,-2.5457345281323382,-6.454783027273654,10354.52734375,9.861670378086274e-07,90.97157287597656,1
149,-2.5454397250128484,-6.415689594251046,10571.8916015625,9.861585112957982e-07,91.18855285644531,1
150,-2.543135618637573,-6.376964054494911,10855.8515625,9.861679473033291e-07,90.83958435058594,1
151,-2.543793524206178,-6.338632349192023,10976.046875,9.86164309324522e-07,90.31279754638672,1
152,-2.543069324076717,-6.300676718940871,10955.0791015625,9.861604439720395e-07,90.84019470214844,1
153,-2.5429421187023826,-6.263099372938486,11006.2763671875,9.861754506346188e-07,90.7544174194336,1
154,-2.5433413126575912,-6.225901792335677,11162.5439453125,9.861764738161582e-07,89.84127044677734,1
155,-2.542121530248344,-6.189063989714803,11293.1123046875,9.861764738161582e-07,89.3669662475586,1
156,-2.541385116081334,-6.152587200978469,11353.0107421875,9.861726084636757e-07,89.69351196289062,1
157,-2.541699416899771,-6.116478323137682,11394.9462890625,9.861679473033291e-07,89.88240814208984,1
158,-2.541560934925215,-6.080729149255557,11465.2001953125,9.86165105132386e-07,89.77969360351562,1
159,-2.541359633679398,-6.045335454099795,11562.861328125,9.86165105132386e-07,89.51367950439453,1
160,-2.5417694022939488,-6.010299793581736,11597.12890625,9.86165105132386e-07,90.06139373779297,1
161,-2.5410297720532906,-5.975607093366452,11767.2490234375,9.86171698968974e-07,89.41577911376953,1
162,-2.5401813406890943,-5.941252835839678,11902.34765625,9.861867056315532e-07,88.85198211669922,1
163,-2.5401481449171577,-5.9072417889304525,12038.8349609375,9.861979606284876e-07,88.35546875,1
164,-2.5388800965590885,-5.873558172006739,12127.669921875,9.861979606284876e-07,88.1976547241211,1
165,-2.5384958161408173,-5.840207548448079,12129.7998046875,9.86192503660277e-07,88.75611114501953,1
166,-2.540104065316513,-5.807206513616763,12251.205078125,9.861905709840357e-07,88.54217529296875,1
167,-2.539908184189427,-5.77453353032249,12331.7705078125,9.861877288130927e-07,88.7906494140625,1
168,-2.539482707960778,-5.742183022098873,12679.0849609375,9.861877288130927e-07,87.0892333984375,1
169,-2.5376507826945733,-5.71013769970483,12964.111328125,9.8619534583122e-07,85.90281677246094,1
170,-2.5384910279491404,-5.678421232987273,13000.51171875,9.861877288130927e-07,86.64341735839844,1
171,-2.5396160666019134,-5.647033181323419,13162.302734375,9.861970511337859e-07,86.17407989501953,1
172,-2.5378317275000497,-5.615941166785186,13357.6376953125,9.86202735475672e-07,85.37317657470703,1
173,-2.5373090137359346,-5.585154845254693,13462.44140625,9.86202735475672e-07,85.14888000488281,1
174,-2.537832668934427,-5.55468162349149,13553.7373046875,9.86202735475672e-07,85.10840606689453,1
175,-2.5376690083362954,-5.524511497339938,13644.8857421875,9.862008027994307e-07,85.10098266601562,1
176,-2.5366822346345703,-5.494633204712884,13727.453125,9.861979606284876e-07,85.11896514892578,1
177,-2.536580776505854,-5.465052680430814,13775.990234375,9.861934131549788e-07,85.3987045288086,1
178,-2.5365922827370007,-5.435768076453876,13869.2685546875,9.86202735475672e-07,85.10565185546875,1
179,-2.5362871784307233,-5.406773267473644,13812.826171875,9.862018259809702e-07,85.79969024658203,1
180,-2.5372240476076793,-5.378077775274985,13935.1884765625,9.862018259809702e-07,85.42546081542969,1
181,-2.537223372288438,-5.3496692312451195,13959.4775390625,9.86199893304729e-07,85.6334228515625,1
182,-2.5353963295398647,-5.321526502228068,14231.314453125,9.862064871413168e-07,85.45639038085938,1
183,-2.5355595731388854,-5.293666832937176,14625.59765625,9.86208419817558e-07,84.47875213623047,1
184,-2.535609365222059,-5.2660862582600245,14885.044921875,9.86208419817558e-07,84.51972198486328,1
185,-2.534286420051013,-5.238768259877935,15426.6259765625,9.86208419817558e-07,84.34588623046875,1
186,-2.535625986307562,-5.21173683714223,15647.3701171875,9.862036449703737e-07,84.56378936767578,1
187,-2.534789754235845,-5.184967366313167,15799.4501953125,9.862036449703737e-07,84.14274597167969,1
188,-2.535113761915892,-5.158468830269195,15621.4423828125,9.861970511337859e-07,85.32275390625,1
189,-2.534906316546545,-5.132233205131968,15606.1650390625,9.861943226496805e-07,85.63566589355469,1
190,-2.534418865649078,-5.106255061737139,15594.55859375,9.862093293122598e-07,85.78697204589844,1
191,-2.5345666029254037,-5.0805381771490215,15643.208984375,9.862093293122598e-07,85.68116760253906,1
192,-2.535204237346771,-5.055084837750999,15828.630859375,9.862244496616768e-07,84.8245620727539,1
193,-2.534748005712749,-5.029881469430617,15879.1455078125,9.862244496616768e-07,84.7945556640625,1
194,-2.534577338376339,-5.004928428120073,16112.1875,9.862469596555457e-07,83.7785415649414,1
195,-2.535026110639187,-4.9802294049452644,16129.2216796875,9.862535534921335e-07,83.91239929199219,1
196,-2.534869001014909,-4.95577580090596,16191.83984375,9.862498018264887e-07,83.83416748046875,1
197,-2.5328014378186903,-4.931546057275087,16357.412109375,9.862526439974317e-07,83.24596405029297,1
198,-2.533348441735958,-4.907564081119696,16501.861328125,9.862526439974317e-07,82.89710998535156,1
199,-2.533162589189188,-4.88382006620039,16676.708984375,9.862526439974317e-07,82.51011657714844,1
200,-2.532878733057703,-4.860310652868963,16898.68359375,9.862600336418836e-07,81.72698211669922,1
201,-2.534314062753799,-4.837050686967811,16983.6015625,9.862808383331867e-07,81.43701171875,1
202,-2.533759506128259,-4.8140177751594155,16934.80859375,9.862798151516472e-07,81.78826904296875,1
203,-2.534465494612893,-4.7912222523539505,17081.615234375,9.862967544904677e-07,81.27218627929688,1
204,-2.534078376403525,-4.768650813594446,17083.0,9.86293002824823e-07,81.38996124267578,1
205,-2.533009309298639,-4.746294398551488,17127.943359375,9.86293002824823e-07,81.36539459228516,1
206,-2.5326397052395353,-4.724157851618368,17396.041015625,9.86293002824823e-07,80.50032806396484,1
207,-2.533050877166691,-4.702246781873851,17686.798828125,9.862976639851695e-07,79.64632415771484,1
208,-2.5332036441320764,-4.680556350496433,17880.255859375,9.862976639851695e-07,79.12288665771484,1
209,-2.5330048473997606,-4.659080835465466,17883.001953125,9.862939123195247e-07,79.41215515136719,1
210,-2.532996823899031,-4.637819995349802,17981.369140625,9.862893648460158e-07,79.37493896484375,1
211,-2.5334689398749886,-4.616776484795054,18069.642578125,9.862854994935333e-07,79.33157348632812,1
212,-2.5342168057642387,-4.5959508880047455,18226.203125,9.862854994935333e-07,78.88472747802734,1
213,-2.534089604217433,-4.575332275166873,18339.53515625,9.862911838354194e-07,78.5657958984375,1
214,-2.5328889737633604,-4.554907842152838,18183.9609375,9.86282771009428e-07,79.43547821044922,1
215,-2.533667205272592,-4.534695435784036,18183.9609375,9.86282771009428e-07,79.7427749633789,1
216,-2.5324361415966927,-4.514672842842162,18424.787109375,9.86282771009428e-07,79.30184936523438,1
217,-2.532518336706993,-4.49485129778081,18352.185546875,9.862817478278885e-07,79.86862182617188,1
218,-2.5322994288674,-4.475225779091676,18341.7578125,9.862939123195247e-07,79.9912338256836,1
219,-2.5317176591197805,-4.455790697891957,18369.783203125,9.862967544904677e-07,79.89859008789062,1
220,-2.532490590970435,-4.436557696822741,18444.900390625,9.862967544904677e-07,79.7513656616211,1
221,-2.5335365408261343,-4.417527485262775,18608.791015625,9.863099421636434e-07,79.25232696533203,1
222,-2.5320835386969103,-4.398673045797116,18617.169921875,9.863099421636434e-07,79.3228759765625,1
223,-2.5318948364575995,-4.380005263703721,18719.486328125,9.863118748398847e-07,78.98684692382812,1
224,-2.5332043229881,-4.3615372542965645,18871.236328125,9.86326881502464e-07,78.50186920166016,1
225,-2.533027953950093,-4.3432521612931,18855.333984375,9.86326881502464e-07,78.71289825439453,1
226,-2.532985996929698,-4.325149499649466,18869.599609375,9.863344985205913e-07,78.77800750732422,1
227,-2.5320274551879476,-4.307218279204851,19005.75390625,9.863429113465827e-07,78.30107879638672,1
228,-2.5328739941321574,-4.289474836354124,18904.90234375,9.863390459941002e-07,78.75960540771484,1
229,-2.5317092128876415,-4.271897180119459,18891.080078125,9.863382501862361e-07,79.01083374023438,1
230,-2.531879424463958,-4.254497002562903,18964.564453125,9.863382501862361e-07,78.85832977294922,1
231,-2.5324741701745603,-4.23727677423902,19023.435546875,9.863382501862361e-07,78.98963165283203,1
232,-2.5322426263951083,-4.220226432760581,19102.482421875,9.863382501862361e-07,79.02142333984375,1
233,-2.532097566411157,-4.203345144097088,19407.224609375,9.863382501862361e-07,78.01225280761719,1
234,-2.5328728222339447,-4.186640420878456,19572.0703125,9.863382501862361e-07,77.68380737304688,1
235,-2.5311563002873423,-4.170085579672545,19468.84375,9.863373406915343e-07,78.29772186279297,1
236,-2.5322043184395615,-4.153706767060215,19493.478515625,9.863373406915343e-07,78.59632873535156,1
237,-2.5322804732699202,-4.137492504122312,19526.021484375,9.86335408015293e-07,78.7860107421875,1
238,-2.5324054003759198,-4.121441633084848,19715.587890625,9.86335408015293e-07,78.38935089111328,1
239,-2.531810734590884,-4.105545324099908,19957.37109375,9.86335408015293e-07,77.76148986816406,1
240,-2.531848689445019,-4.089808357753359,19863.77734375,9.863344985205913e-07,78.20484924316406,1
241,-2.5321052912049318,-4.074231327087874,19916.81640625,9.863334753390518e-07,78.14769744873047,1
242,-2.5323251777528406,-4.058812265594525,20278.904296875,9.863334753390518e-07,76.97891998291016,1
243,-2.532213381728031,-4.043546276755859,20233.56640625,9.863306331681088e-07,77.32997131347656,1
244,-2.5325808240756844,-4.028436622229057,20268.50390625,9.863230161499814e-07,77.38072967529297,1
245,-2.5324125339348615,-4.013476381346115,20291.904296875,9.863230161499814e-07,77.34612274169922,1
246,-2.5319225793903026,-3.9986608433265576,20386.408203125,9.863230161499814e-07,77.16465759277344,1
247,-2.532228032529978,-3.983996515218592,20141.732421875,9.863230161499814e-07,78.22238159179688,1
248,-2.532443360939795,-3.9694809836758043,20213.873046875,9.863230161499814e-07,78.28528594970703,1
249,-2.5328500564702803,-3.955114674403749,20033.15234375,9.863230161499814e-07,79.35356140136719,1
250,-2.5313601192457496,-3.9408771288521685,20104.25390625,9.863344985205913e-07,79.38622283935547,1
251,-2.53295756919137,-3.9267979332555605,20206.6484375,9.863485956884688e-07,79.12757110595703,1
252,-2.5308974096395476,-3.9128389280194003,20357.517578125,9.863485956884688e-07,78.79108428955078,1
253,-2.5323281900687027,-3.899033820639893,20365.458984375,9.863495051831705e-07,78.9542007446289,1
254,-2.530471921870752,-3.8853482016522016,20655.69140625,9.863495051831705e-07,78.08470916748047,1
255,-2.5325261837862887,-3.871819981473543,20720.1484375,9.863559853329207e-07,77.96873474121094,1
256,-2.5326595051807548,-3.8584283767106147,20776.36328125,9.863597369985655e-07,77.84458923339844,1
257,-2.5308794721685,-3.8451528876651935,20619.361328125,9.863523473541136e-07,78.69755554199219,1
258,-2.5316979998353073,-3.8320183387868947,20800.7890625,9.863485956884688e-07,78.30107879638672,1
259,-2.5317990279722493,-3.819016145678748,20835.87109375,9.863485956884688e-07,78.34130096435547,1
260,-2.5311332636219257,-3.80613731685818,20978.931640625,9.863485956884688e-07,78.2032470703125,1
261,-2.53304913198785,-3.7934064350094765,20853.044921875,9.863485956884688e-07,78.92829132080078,1
262,-2.5308953222718897,-3.7807813238821004,20970.94921875,9.863485956884688e-07,78.64863586425781,1
263,-2.5299327284330912,-3.76827283792761,21022.41015625,9.863485956884688e-07,78.6263198852539,1
264,-2.5330011792061993,-3.7559201213403957,20860.0859375,9.863373406915343e-07,79.55091094970703,1
265,-2.5316985071257196,-3.7436779051982487,20934.982421875,9.863373406915343e-07,79.37350463867188,1
266,-2.5307247314475245,-3.7315483734607415,21109.017578125,9.863373406915343e-07,78.85186004638672,1
267,-2.5316520382409515,-3.719549410108544,21194.3671875,9.863373406915343e-07,78.76722717285156,1
268,-2.5319753866506205,-3.7076736698739645,21445.79296875,9.863373406915343e-07,78.10094451904297,1
269,-2.5321856146359583,-3.6959187893215844,21182.26171875,9.863373406915343e-07,79.2474594116211,1
270,-2.5315096522425593,-3.684274697950794,21201.076171875,9.863373406915343e-07,79.4011001586914,1
271,-2.532634259638828,-3.672758293567674,21371.802734375,9.863390459941002e-07,78.97562408447266,1
272,-2.529843012490835,-3.661329140756906,21555.24609375,9.863390459941002e-07,78.30895233154297,1
273,-2.5316219272512033,-3.6500320686218486,21556.642578125,9.863390459941002e-07,78.37223815917969,1
274,-2.5314059213034334,-3.6388458071486642,21714.4453125,9.863382501862361e-07,77.94097137451172,1
275,-2.5318886593956806,-3.6277762356711345,22025.521484375,9.863495051831705e-07,76.99371337890625,1
276,-2.5311536299456723,-3.61681000961388,21988.4765625,9.863495051831705e-07,77.04703521728516,1
277,-2.531336569501603,-3.6059552752127573,22222.947265625,9.863504146778723e-07,76.34949493408203,1
278,-2.531013849126015,-3.5952058609518898,22252.78515625,9.863504146778723e-07,76.33056640625,1
279,-2.5301486501963093,-3.5845552888443337,22462.912109375,9.863523473541136e-07,75.84207916259766,1
280,-2.532704051466176,-3.5740367764705523,22588.927734375,9.863523473541136e-07,75.74868774414062,1
281,-2.530946850380749,-3.563605877209654,22658.876953125,9.863645118457498e-07,75.61094665527344,1
282,-2.531089470953474,-3.553280713147092,22504.85546875,9.86363602351048e-07,76.14161682128906,1
283,-2.5314818429002446,-3.543062724444624,22639.30859375,9.86363602351048e-07,75.82158660888672,1
284,-2.5316383629718144,-3.5329484808298957,22698.15234375,9.863711056823377e-07,75.65876770019531,1
285,-2.5310907277197745,-3.5229299032987944,22652.33203125,9.863711056823377e-07,75.78337860107422,1
286,-2.5318255623328425,-3.5130188598891348,22797.03515625,9.863786090136273e-07,75.36920166015625,1
287,-2.532012488919838,-3.503208796179442,22981.529296875,9.863786090136273e-07,74.80717468261719,1
288,-2.5308851154497525,-3.4934855593721448,23219.2109375,9.863786090136273e-07,74.0919189453125,1
289,-2.5300547397633344,-3.483851251176057,23217.3515625,9.863776995189255e-07,74.05585479736328,1
290,-2.5318700086785353,-3.4743314387510815,23104.55078125,9.863739478532807e-07,74.42465209960938,1
291,-2.531516735105475,-3.4649032917146254,23113.3203125,9.863739478532807e-07,74.37889099121094,1
292,-2.5310372387576385,-3.4555646311850556,23134.162109375,9.863673540166928e-07,74.39027404785156,1
293,-2.530696179980411,-3.4463159466730096,23050.03515625,9.863673540166928e-07,74.61009979248047,1
294,-2.530383525910518,-3.4371566224653844,23090.4296875,9.863673540166928e-07,74.4922866821289,1
295,-2.532514503124512,-3.4281102012719757,23246.70703125,9.863673540166928e-07,73.97450256347656,1
296,-2.532701227985048,-3.4191561115391065,23161.64453125,9.863673540166928e-07,74.05585479736328,1
297,-2.532025149974519,-3.410284801923461,22995.3203125,9.863673540166928e-07,74.65572357177734,1
298,-2.5318459065063768,-3.40150041296929,23051.310546875,9.863673540166928e-07,74.55501556396484,1
299,-2.5316467145221164,-3.3928018759848184,23273.703125,9.863701961876359e-07,73.95267486572266,1
300,-2.5322483399547258,-3.3841963406245172,23312.111328125,9.863701961876359e-07,73.8194580078125,1
301,-2.531408507949798,-3.37566846229777,23296.9765625,9.86360760180105e-07,73.86376190185547,1
302,-2.5316909713635365,-3.3672286873884274,23292.021484375,9.86360760180105e-07,73.8603744506836,1
303,-2.5314762415296013,-3.358871162929839,23216.53125,9.86360760180105e-07,74.06429290771484,1
304,-2.5327678749809768,-3.35061013005035,23380.955078125,9.86360760180105e-07,73.6506576538086,1
305,-2.5310237554514394,-3.342414266304361,23209.3359375,9.863597369985655e-07,74.23761749267578,1
306,-2.53129602432174,-3.3343030838845347,23287.9140625,9.863597369985655e-07,74.04031372070312,1
307,-2.5302011815715666,-3.326262064861405,23309.111328125,9.863597369985655e-07,74.12410736083984,1
308,-2.530168857789098,-3.318301132790682,23412.99609375,9.86366444521991e-07,73.77891540527344,1
309,-2.532242757744362,-3.310440549040219,23347.912109375,9.863588275038637e-07,74.00523376464844,1
310,-2.5316185351586844,-3.302652328901403,23410.384765625,9.863655350272893e-07,73.84770202636719,1
311,-2.5310419787451135,-3.2949362253998404,23410.40625,9.863655350272893e-07,73.87499237060547,1
312,-2.530697205080375,-3.287293835196646,23644.62890625,9.863692866929341e-07,73.19953155517578,1
313,-2.530560790132821,-3.279726504746008,23824.98828125,9.863683771982323e-07,72.7016830444336,1
314,-2.5303700874666792,-3.2722329405732147,23872.705078125,9.863683771982323e-07,72.60551452636719,1
315,-2.5307224693527917,-3.2648178358610105,23912.3515625,9.863683771982323e-07,72.4715805053711,1
316,-2.5320694972967046,-3.2574903524753673,23864.306640625,9.863683771982323e-07,72.44169616699219,1
317,-2.5309137629512275,-3.250224586580126,23807.974609375,9.863683771982323e-07,72.74579620361328,1
318,-2.531792699864069,-3.2430402677129657,23859.685546875,9.863683771982323e-07,72.57294464111328,1
319,-2.5319883758745334,-3.2359297487945815,23989.39453125,9.863683771982323e-07,72.25082397460938,1
320,-2.532467702277299,-3.2288951283294085,23777.955078125,9.863673540166928e-07,72.77473449707031,1
321,-2.532275862928557,-3.2219289356754,23963.90234375,9.863711056823377e-07,72.13092803955078,1
322,-2.530089043204875,-3.2150105367506945,24078.029296875,9.863796321951668e-07,71.83367919921875,1
323,-2.5313562180180313,-3.208173993563368,24002.41796875,9.863796321951668e-07,72.10382843017578,1
324,-2.5303231268283115,-3.2013954848960173,23914.72265625,9.863796321951668e-07,72.4310302734375,1
325,-2.531934075296163,-3.1947008708000184,24009.443359375,9.863796321951668e-07,72.21707153320312,1
326,-2.5318313443,-3.188072175535018,23979.263671875,9.863796321951668e-07,72.0394287109375,1
327,-2.5309417680240043,-3.181500871459908,24213.61328125,9.863862260317546e-07,71.3342056274414,1
328,-2.5316049661621935,-3.175001912406931,24277.87109375,9.863862260317546e-07,71.12290954589844,1
329,-2.5297015113906474,-3.168548908396768,24053.265625,9.863862260317546e-07,71.69198608398438,1
330,-2.532122967706008,-3.1621846489898604,23870.861328125,9.863852028502151e-07,72.05684661865234,1
331,-2.53062407009586,-3.1558690432009207,23990.814453125,9.863907735052635e-07,71.72795867919922,1
332,-2.53131355935591,-3.1496234883624705,24183.1953125,9.863937293630443e-07,71.18431854248047,1
333,-2.5317758532239085,-3.143445012011085,24357.208984375,9.864003231996321e-07,70.65444946289062,1
334,-2.531406964976488,-3.137324631540739,24409.458984375,9.864003231996321e-07,70.53578186035156,1
335,-2.5314870981520277,-3.1312662562068514,24157.65625,9.864003231996321e-07,71.11344909667969,1
336,-2.5324162599322686,-3.1252777562441056,24222.96875,9.864003231996321e-07,70.93304443359375,1
337,-2.5317561488520273,-3.119342540170185,24279.931640625,9.864003231996321e-07,70.85718536376953,1
338,-2.5308798230496445,-3.1134579129989794,24522.154296875,9.864003231996321e-07,70.00489044189453,1
339,-2.53097719698625,-3.1076331058388518,24464.130859375,9.863983905233908e-07,70.28140258789062,1
340,-2.531717348424667,-3.10187394826471,24425.5703125,9.863907735052635e-07,70.35172271728516,1
341,-2.5308183688116586,-3.0961633924701797,24239.791015625,9.863824743661098e-07,70.85529327392578,1
342,-2.5307678007458754,-3.090509436552937,24242.609375,9.863824743661098e-07,70.78256225585938,1
